<?xml version="1.0" encoding="UTF-8"?>
<window>
  <controls>
      <control type="group">
          <height>1080</height>
          <centertop>50%</centertop>
          <centerleft>50%</centerleft>
          <width>1920</width>
          <include content="DialogBackgroundCommons">
              <param name="width" value="1920" />
              <param name="height" value="1080" />
              <param name="header_label" value="NEW MOVIES ADDED" />
              <param name="header_id" value="1" />
          </include>
          <!-- Wraplist for Movies -->
          <control type="list" id="5000">
              <centerleft>50%</centerleft>
              <top>80</top>
              <description>Movie wraplist with poster, title, and description</description>
              <width>1600</width>
              <height>800</height>
              <orientation>vertical</orientation>
              <scrolltime>200</scrolltime>
              <itemgap>30</itemgap>
              <pagecontrol>11127</pagecontrol>



              <!-- Normal Item Layout -->
              <itemlayout width="1600" height="330">
                  <control type="image">
                      <posx>200</posx>
                      <posy>0</posy>
                      <width>200</width>
                      <height>300</height>
                      <aspectratio>scale</aspectratio>
                      <texture>$INFO[ListItem.Thumb]</texture>
                  </control>

                  <control type="label">
                      <posx>440</posx>
                      <posy>20</posy>
                      <width>1500</width>
                      <height>60</height>
                      <label>$INFO[ListItem.Label]</label>
                      <font>font42</font>
                      <textcolor>white</textcolor>
                      <shadowcolor>black</shadowcolor>
                  </control>

                  <control type="textbox">
                      <posx>440</posx>
                      <posy>100</posy>
                      <width min="29" max="1000">auto</width>
                      <label>$INFO[ListItem.Property(plot)]</label>
                      <font>font13</font>
                      <textcolor>gray</textcolor>
                      <shadowcolor>black</shadowcolor>
                      <wrapmultiline>true</wrapmultiline>
                      
                  </control>
              </itemlayout>

              <!-- Focused Layout -->
              <focusedlayout width="1800" height="330">
                  <control type="image">
                      <posx>200</posx>
                      <posy>0</posy>
                      <width>200</width>
                      <height>300</height>
                      <aspectratio>scale</aspectratio>
                      <texture>$INFO[ListItem.Thumb]</texture>
                      <colordiffuse>FFFFD700</colordiffuse>
                  </control>

                  <control type="label">
                      <posx>440</posx>
                      <posy>20</posy>
                      <width>1500</width>
                      <height>60</height>
                      <label>$INFO[ListItem.Label]</label>
                      <font>font42</font>
                      <textcolor>orange</textcolor>
                      <shadowcolor>black</shadowcolor>
                  </control>

                  <control type="textbox">
                      <posx>440</posx>
                      <posy>100</posy>
                      <width min="29" max="1000">auto</width>
                      <label>$INFO[ListItem.Property(plot)]</label>
                      <font>font13</font>
                      <textcolor>lightgray</textcolor>
                      <shadowcolor>black</shadowcolor>
                      <wrapmultiline>true</wrapmultiline>
                      
                  </control>
              </focusedlayout>

          </control>
          <control type="scrollbar" id="11127">
                <description>My first scroll bar control</description>
                <posx>1790</posx>
                <top>80</top>
                <width>20</width>
                <height>800</height>
                <visible>true</visible>
                <showonepage>false</showonepage>
                <orientation>vertical</orientation>
          </control>  

          <control type="button" id="9000">
              <orientation>horizontal</orientation>
              <centerleft>50%</centerleft>
              <top>900</top> 
              <width>250</width>
              <height>100</height>
              <align>center</align>
              <label>CLOSE</label>
              <onclick>close</onclick>
              <!--include content="DefaultDialogButton">
                    <param name="id" value="11" />
                    <param name="label" value="OK" />
                                     
              </include-->
          </control>


      </control>    
  </controls>
</window>

