<window id="1100" type="dialog">
  <size>1920,1080</size>

  <controls>

    <!-- Background fanart image -->
    <control type="image" id="101" >
      <left>0</left>
      <top>0</top>
      <width>1920</width>
      <height>1080</height>
      <color>0x88000000</color>  <!-- 50% transparent black -->
      <visible>true</visible>
    </control>    
    <!-- Semi-transparent frame as dialog background -->
    <control type="image" id="1000">
      <left>510</left>
      <top>240</top>
      <width>900</width>
      <height>600</height>
      <color>0xAA1E90FF</color> <!-- semi-transparent blue -->
      <visible>true</visible>
    </control>
    <!--control type="image" id="100" >
      <left>0</left>
      <top>0</top>
      <width>1920</width>
      <height>1080</height>
      <texture>special://home/addons/plugin.video.kapihan/fanart.jpg</texture>
      <visible>true</visible>
    </control-->


    <!-- List control -->
    <control type="list" id="5000" focus="true">
      <left>530</left>
      <top>270</top>
      <width>860</width>
      <height>480</height>
      <visible>true</visible>
      <viewtype>list</viewtype>
      <orientation>vertical</orientation>
      <autoscroll>true</autoscroll>

      <itemlayout width="860" height="120">  <!-- increased height -->
        <control type="image">
          <left>10</left>
          <top>20</top>       <!-- moved down a bit -->
          <width>90</width>   <!-- bigger thumbnail -->
          <height>90</height>
          <texture>$INFO[ListItem.Icon]</texture>
        </control>
        <control type="label">
          <left>110</left>    <!-- pushed right more -->
          <top>45</top>       <!-- centered vertically in taller item -->
          <width>740</width>
          <height>40</height>
          <font>font20</font> <!-- larger font -->
          <align>left</align>
          <label>$INFO[ListItem.Label]</label>
        </control>
      </itemlayout>

      <focusedlayout width="860" height="120"> <!-- match itemlayout height -->
        <control type="image">
          <left>0</left>
          <top>0</top>
          <width>860</width>
          <height>120</height>
          <visible>Control.HasFocus(5000)</visible>
          <color>0xFF3399FF</color> <!-- highlight color -->
        </control>
        <control type="image">
          <left>10</left>
          <top>20</top>
          <width>90</width>
          <height>90</height>
          <texture>$INFO[ListItem.Icon]</texture>
        </control>
        <control type="label">
          <left>110</left>
          <top>45</top>
          <width>740</width>
          <height>40</height>
          <font>font20</font>
          <align>left</align>
          <selectedcolor>white</selectedcolor>
          <label>$INFO[ListItem.Label]</label>
        </control>
      </focusedlayout>

    </control>

    <!-- OK Button -->
    <control type="button" id="6000" visible="true">
      <label>OK</label>
      <left>880</left>
      <top>770</top>
      <width>120</width>
      <height>50</height>
    </control>

    <!-- Cancel Button>
    <control type="button" id="6001" visible="true">
      <label>Cancel</label>
      <left>880</left>
      <top>770</top>
      <width>120</width>
      <height>50</height>
    </control-->

  </controls>
</window>
