<window id="1100" type="dialog">
  <size>1920,1080</size>
  <controls>
    <!-- Background fanart image -->
    <control type="image" id="101" >
      <left>0</left>
      <top>0</top>
      <width>1920</width>
      <height>1080</height>
      <color>0x88000000</color>  <!-- 50% transparent black -->
      <visible>true</visible>
    </control>    
    <!-- Semi-transparent frame as dialog background -->
    <control type="image" id="1000">
      <left>510</left>
      <top>240</top>
      <width>900</width>
      <height>600</height>
      <color>0xAA1E90FF</color> <!-- semi-transparent blue -->
      <visible>true</visible>
    </control>
    <control type="list" id="5000" focus="true">
      <description>My first list container</description>
      <left>530</left>
      <top>270</top>
      <width>860</width>
      <height>480</height>
      <visible>true</visible>
      <onup>2</onup>
      <ondown>3</ondown>
      <onleft>1</onleft>
      <onright>1</onright>
      <viewtype label="3D list">list</viewtype>
      <orientation>vertical</orientation>
      <pagecontrol>25</pagecontrol>
      <autoscroll>true</autoscroll>
      <scrolltime tween="sine" easing="out">200</scrolltime>
      <itemlayout width="860" height="480">
          <control type="image">
            <left>10</left>
            <top>20</top>
            <width>300</width>
            <height>300</height>
            <texture>$INFO[ListItem.Thumb]</texture>
          </control>
          <control type="label">
            <left>110</left>
            <top>45</top>
            <width>740</width>
            <height>40</height>
            <font>font13</font>
            <aligny>center</aligny>
            <selectedcolor>green</selectedcolor>
            <align>left</align>
            <label>$INFO[ListItem.Title]</label>
          </control>
      </itemlayout>
      <focusedlayout height="860" width="480">
          <control type="image">
            <width>300</width>
            <height>300</height>
            <left>0</left>
            <top>0</top>
            <visible>Control.HasFocus(50)</visible>
            <texture>list-focus.png</texture>
          </control>
          <control type="image">
            <left>300</left>
            <top>300</top>
            <width>300</width>
            <height>300</height>
            <texture>$INFO[ListItem.Thumb]</texture>
          </control>
          <control type="label">
            <left>110</left>
            <top>45</top>
            <width>740</width>
            <height>40</height>
            <font>font13</font>
            <aligny>center</aligny>
            <selectedcolor>green</selectedcolor>
            <align>left</align>
            <label>$INFO[ListItem.Title]</label>
          </control>
      </focusedlayout>
    </control>
  </controls>
</window>


